model,window,mae,rmse,mape,smape,mase
hist_gradient_boosting,1,0.32188527811917433,0.4117596118798051,29.017655819204652,28.3885193225833,0.5034806508207536
hist_gradient_boosting,2,0.4929347720159582,0.600441679540368,90.40116345352554,52.886178922380644,0.7712673846959707
hist_gradient_boosting,3,0.3159235849665441,0.4183909505755388,34.766196612698124,30.338460058362003,0.4943846949234778
random_forest,1,0.33468807926146527,0.42029902485408716,31.2343607044888,29.144692311109928,0.523506303093868
random_forest,2,0.40123053755745985,0.48713816164785434,76.26562442683907,47.77144482238461,0.6277829135415146
random_forest,3,0.2903782057154302,0.38257091249343494,37.64719383255337,30.680384313698326,0.4544090643319729
ridge_regression,1,0.3687669760265475,0.5201153142686993,30.63527794104382,32.033820885850254,0.5768112110498769
ridge_regression,2,0.5605158456451329,0.6604471785150487,104.00971547140199,58.927963870340925,0.8770076993825394
ridge_regression,3,0.28741552794529895,0.40526156522195755,26.871791407815614,26.096321365604897,0.44977280855607693
