rank,model,mae,rmse,mape,smape,mase
1,random_forest,0.34209894084478515,0.43000269966512544,48.38239298796041,35.865507149064285,0.5352327603224518
2,hist_gradient_boosting,0.3769145450338922,0.4768640806652373,51.39500529514277,37.204386101108646,0.589710910146734
3,ridge_regression,0.40556611653899316,0.5286080193352353,53.83892827342047,39.01936870726536,0.6345305729961644
