month,y
1,1.485590344179972
2,1.3003053988199618
3,1.2252090847013688
4,1.0386045677174656
5,1.0295717962149522
6,0.9135257916086851
7,0.7004036516780372
8,0.585063028361325
9,0.9830947494623994
10,1.1373257996437296
11,1.291494531419198
12,1.490447065460945
