rank,model,mae,rmse,mape,smape,mase
1,nbeats,0.35034164093710757,0.4421341146265643,42.63600745804767,35.70254046604301,0.6140542664660371
2,neural_mlp,0.3517999922173994,0.45360069808327985,39.197946661940534,37.93482231290908,0.6165596792646004
3,nhits,0.3809969934121326,0.4735810328457837,55.272267022789514,39.6782108639289,0.6677658483049486
