rank,model,mae,rmse,mape,smape,mase
1,seasonal_naive_168,0.4102147222222222,0.5724719861170431,42.1455370285333,37.64621907220435,0.6420568094716004
2,seasonal_window_average,0.4099837193524099,0.5095559362992115,55.95268646513888,41.186557503534985,0.6416952501283203
