stage,seconds
load_data,0.07561200000054669
validate_data,0.004348600001321756
model_selection,0.024346700000023702
backtesting,0.48003390000121726
forecast,0.0767866000005597
statistical_tests,0.056256599998960155
plots,2.1361737999995967
total,2.853810299999168
peak_memory_mb,6.2954607009887695
