adf_statistic,adf_pvalue,kpss_statistic,kpss_pvalue,used_observations
-10.503511214164622,1.0688373131265099e-18,6.956163189375577,0.01,10000
