day_of_week,y
0,1.0010915356901964
1,1.0759353326739414
2,1.0898456540932442
3,0.9893160083600319
4,1.0421832928512167
5,1.2364973859189847
6,1.213020408539759
